{
  "assetsByChunkName": {
    "path---my-second-post": [
      "path---my-second-post-3512727b51137515324c.js",
      "path---my-second-post-3512727b51137515324c.js.map"
    ],
    "component---src-pages-index-js": [
      "component---src-pages-index-js-e2fcac879dac91aa5586.js",
      "component---src-pages-index-js-e2fcac879dac91aa5586.js.map"
    ],
    "path---generic": [
      "path---generic-eb8d1fb37aa88f2f751a.js",
      "path---generic-eb8d1fb37aa88f2f751a.js.map"
    ],
    "path---": [
      "path----557518bd178906f8d58a.js",
      "path----557518bd178906f8d58a.js.map"
    ],
    "component---src-templates-blog-post-js": [
      "component---src-templates-blog-post-js-9d1eb36e66c47d932c30.js",
      "component---src-templates-blog-post-js-9d1eb36e66c47d932c30.js.map"
    ],
    "component---src-layouts-index-js": [
      "component---src-layouts-index-js-67faafcf63f700ef4d03.js",
      "component---src-layouts-index-js-67faafcf63f700ef4d03.js.map"
    ],
    "path---hi-folks": [
      "path---hi-folks-e15a0e512abe5a1c719e.js",
      "path---hi-folks-e15a0e512abe5a1c719e.js.map"
    ],
    "path---index": [
      "path---index-eb8d1fb37aa88f2f751a.js",
      "path---index-eb8d1fb37aa88f2f751a.js.map"
    ],
    "path---hello-world": [
      "path---hello-world-0f8c2a1e83470630aa05.js",
      "path---hello-world-0f8c2a1e83470630aa05.js.map"
    ],
    "component---src-pages-generic-js": [
      "component---src-pages-generic-js-16b04932eff274766280.js",
      "component---src-pages-generic-js-16b04932eff274766280.js.map"
    ],
    "commons": [
      "commons-cd3885008b909ffe2030.js",
      "commons-cd3885008b909ffe2030.js.map"
    ],
    "app": [
      "app-2e911f5c73e4f8306350.js",
      "app-2e911f5c73e4f8306350.js.map"
    ]
  }
}